school,playerstatsurl,matchstatsurl
A&M-Corpus Christi,https://stats.ncaa.org/team/26172/stats/14242,https://stats.ncaa.org/player/game_by_game?game_sport_year_ctl_id=14242&org_id=26172&stats_player_seq=-100
Abilene Christian,https://stats.ncaa.org/team/2/stats/14242,https://stats.ncaa.org/player/game_by_game?game_sport_year_ctl_id=14242&org_id=2&stats_player_seq=-100
Air Force,https://stats.ncaa.org/team/721/stats/14242,https://stats.ncaa.org/player/game_by_game?game_sport_year_ctl_id=14242&org_id=721&stats_player_seq=-100
Akron,https://stats.ncaa.org/team/5/stats/14242,https://stats.ncaa.org/player/game_by_game?game_sport_year_ctl_id=14242&org_id=5&stats_player_seq=-100
Alabama,https://stats.ncaa.org/team/8/stats/14242,https://stats.ncaa.org/player/game_by_game?game_sport_year_ctl_id=14242&org_id=8&stats_player_seq=-100
Alabama A&M,https://stats.ncaa.org/team/6/stats/14242,https://stats.ncaa.org/player/game_by_game?game_sport_year_ctl_id=14242&org_id=6&stats_player_seq=-100
Alabama St.,https://stats.ncaa.org/team/7/stats/14242,https://stats.ncaa.org/player/game_by_game?game_sport_year_ctl_id=14242&org_id=7&stats_player_seq=-100
Albany (NY),https://stats.ncaa.org/team/14/stats/14242,https://stats.ncaa.org/player/game_by_game?game_sport_year_ctl_id=14242&org_id=14&stats_player_seq=-100
Alcorn,https://stats.ncaa.org/team/17/stats/14242,https://stats.ncaa.org/player/game_by_game?game_sport_year_ctl_id=14242&org_id=17&stats_player_seq=-100
American,https://stats.ncaa.org/team/23/stats/14242,https://stats.ncaa.org/player/game_by_game?game_sport_year_ctl_id=14242&org_id=23&stats_player_seq=-100
App State,https://stats.ncaa.org/team/27/stats/14242,https://stats.ncaa.org/player/game_by_game?game_sport_year_ctl_id=14242&org_id=27&stats_player_seq=-100
Arizona,https://stats.ncaa.org/team/29/stats/14242,https://stats.ncaa.org/player/game_by_game?game_sport_year_ctl_id=14242&org_id=29&stats_player_seq=-100
Arizona St.,https://stats.ncaa.org/team/28/stats/14242,https://stats.ncaa.org/player/game_by_game?game_sport_year_ctl_id=14242&org_id=28&stats_player_seq=-100
Ark.-Pine Bluff,https://stats.ncaa.org/team/2678/stats/14242,https://stats.ncaa.org/player/game_by_game?game_sport_year_ctl_id=14242&org_id=2678&stats_player_seq=-100
Arkansas,https://stats.ncaa.org/team/31/stats/14242,https://stats.ncaa.org/player/game_by_game?game_sport_year_ctl_id=14242&org_id=31&stats_player_seq=-100
Arkansas St.,https://stats.ncaa.org/team/30/stats/14242,https://stats.ncaa.org/player/game_by_game?game_sport_year_ctl_id=14242&org_id=30&stats_player_seq=-100
Army West Point,https://stats.ncaa.org/team/725/stats/14242,https://stats.ncaa.org/player/game_by_game?game_sport_year_ctl_id=14242&org_id=725&stats_player_seq=-100
Auburn,https://stats.ncaa.org/team/37/stats/14242,https://stats.ncaa.org/player/game_by_game?game_sport_year_ctl_id=14242&org_id=37&stats_player_seq=-100
Austin Peay,https://stats.ncaa.org/team/43/stats/14242,https://stats.ncaa.org/player/game_by_game?game_sport_year_ctl_id=14242&org_id=43&stats_player_seq=-100
Ball St.,https://stats.ncaa.org/team/47/stats/14242,https://stats.ncaa.org/player/game_by_game?game_sport_year_ctl_id=14242&org_id=47&stats_player_seq=-100
Baylor,https://stats.ncaa.org/team/51/stats/14242,https://stats.ncaa.org/player/game_by_game?game_sport_year_ctl_id=14242&org_id=51&stats_player_seq=-100
Belmont,https://stats.ncaa.org/team/14927/stats/14242,https://stats.ncaa.org/player/game_by_game?game_sport_year_ctl_id=14242&org_id=14927&stats_player_seq=-100
Bethune-Cookman,https://stats.ncaa.org/team/61/stats/14242,https://stats.ncaa.org/player/game_by_game?game_sport_year_ctl_id=14242&org_id=61&stats_player_seq=-100
Binghamton,https://stats.ncaa.org/team/62/stats/14242,https://stats.ncaa.org/player/game_by_game?game_sport_year_ctl_id=14242&org_id=62&stats_player_seq=-100
Boise St.,https://stats.ncaa.org/team/66/stats/14242,https://stats.ncaa.org/player/game_by_game?game_sport_year_ctl_id=14242&org_id=66&stats_player_seq=-100
Boston College,https://stats.ncaa.org/team/67/stats/14242,https://stats.ncaa.org/player/game_by_game?game_sport_year_ctl_id=14242&org_id=67&stats_player_seq=-100
Bowling Green,https://stats.ncaa.org/team/71/stats/14242,https://stats.ncaa.org/player/game_by_game?game_sport_year_ctl_id=14242&org_id=71&stats_player_seq=-100
Bradley,https://stats.ncaa.org/team/72/stats/14242,https://stats.ncaa.org/player/game_by_game?game_sport_year_ctl_id=14242&org_id=72&stats_player_seq=-100
Brown,https://stats.ncaa.org/team/80/stats/14242,https://stats.ncaa.org/player/game_by_game?game_sport_year_ctl_id=14242&org_id=80&stats_player_seq=-100
Bryant,https://stats.ncaa.org/team/81/stats/14242,https://stats.ncaa.org/player/game_by_game?game_sport_year_ctl_id=14242&org_id=81&stats_player_seq=-100
Bucknell,https://stats.ncaa.org/team/83/stats/14242,https://stats.ncaa.org/player/game_by_game?game_sport_year_ctl_id=14242&org_id=83&stats_player_seq=-100
Buffalo,https://stats.ncaa.org/team/86/stats/14242,https://stats.ncaa.org/player/game_by_game?game_sport_year_ctl_id=14242&org_id=86&stats_player_seq=-100
Butler,https://stats.ncaa.org/team/87/stats/14242,https://stats.ncaa.org/player/game_by_game?game_sport_year_ctl_id=14242&org_id=87&stats_player_seq=-100
BYU,https://stats.ncaa.org/team/77/stats/14242,https://stats.ncaa.org/player/game_by_game?game_sport_year_ctl_id=14242&org_id=77&stats_player_seq=-100
Cal Poly,https://stats.ncaa.org/team/90/stats/14242,https://stats.ncaa.org/player/game_by_game?game_sport_year_ctl_id=14242&org_id=90&stats_player_seq=-100
Cal St. Fullerton,https://stats.ncaa.org/team/97/stats/14242,https://stats.ncaa.org/player/game_by_game?game_sport_year_ctl_id=14242&org_id=97&stats_player_seq=-100
California,https://stats.ncaa.org/team/107/stats/14242,https://stats.ncaa.org/player/game_by_game?game_sport_year_ctl_id=14242&org_id=107&stats_player_seq=-100
California Baptist,https://stats.ncaa.org/team/30135/stats/14242,https://stats.ncaa.org/player/game_by_game?game_sport_year_ctl_id=14242&org_id=30135&stats_player_seq=-100
Campbell,https://stats.ncaa.org/team/115/stats/14242,https://stats.ncaa.org/player/game_by_game?game_sport_year_ctl_id=14242&org_id=115&stats_player_seq=-100
Canisius,https://stats.ncaa.org/team/116/stats/14242,https://stats.ncaa.org/player/game_by_game?game_sport_year_ctl_id=14242&org_id=116&stats_player_seq=-100
Central Ark.,https://stats.ncaa.org/team/1004/stats/14242,https://stats.ncaa.org/player/game_by_game?game_sport_year_ctl_id=14242&org_id=1004&stats_player_seq=-100
Central Conn. St.,https://stats.ncaa.org/team/127/stats/14242,https://stats.ncaa.org/player/game_by_game?game_sport_year_ctl_id=14242&org_id=127&stats_player_seq=-100
Central Mich.,https://stats.ncaa.org/team/129/stats/14242,https://stats.ncaa.org/player/game_by_game?game_sport_year_ctl_id=14242&org_id=129&stats_player_seq=-100
Charleston So.,https://stats.ncaa.org/team/48/stats/14242,https://stats.ncaa.org/player/game_by_game?game_sport_year_ctl_id=14242&org_id=48&stats_player_seq=-100
Charlotte,https://stats.ncaa.org/team/458/stats/14242,https://stats.ncaa.org/player/game_by_game?game_sport_year_ctl_id=14242&org_id=458&stats_player_seq=-100
Chattanooga,https://stats.ncaa.org/team/693/stats/14242,https://stats.ncaa.org/player/game_by_game?game_sport_year_ctl_id=14242&org_id=693&stats_player_seq=-100
Chicago St.,https://stats.ncaa.org/team/136/stats/14242,https://stats.ncaa.org/player/game_by_game?game_sport_year_ctl_id=14242&org_id=136&stats_player_seq=-100
Cincinnati,https://stats.ncaa.org/team/140/stats/14242,https://stats.ncaa.org/player/game_by_game?game_sport_year_ctl_id=14242&org_id=140&stats_player_seq=-100
Clemson,https://stats.ncaa.org/team/147/stats/14242,https://stats.ncaa.org/player/game_by_game?game_sport_year_ctl_id=14242&org_id=147&stats_player_seq=-100
Cleveland St.,https://stats.ncaa.org/team/148/stats/14242,https://stats.ncaa.org/player/game_by_game?game_sport_year_ctl_id=14242&org_id=148&stats_player_seq=-100
Coastal Carolina,https://stats.ncaa.org/team/149/stats/14242,https://stats.ncaa.org/player/game_by_game?game_sport_year_ctl_id=14242&org_id=149&stats_player_seq=-100
Col. of Charleston,https://stats.ncaa.org/team/1014/stats/14242,https://stats.ncaa.org/player/game_by_game?game_sport_year_ctl_id=14242&org_id=1014&stats_player_seq=-100
Colgate,https://stats.ncaa.org/team/153/stats/14242,https://stats.ncaa.org/player/game_by_game?game_sport_year_ctl_id=14242&org_id=153&stats_player_seq=-100
Colorado,https://stats.ncaa.org/team/157/stats/14242,https://stats.ncaa.org/player/game_by_game?game_sport_year_ctl_id=14242&org_id=157&stats_player_seq=-100
Colorado St.,https://stats.ncaa.org/team/156/stats/14242,https://stats.ncaa.org/player/game_by_game?game_sport_year_ctl_id=14242&org_id=156&stats_player_seq=-100
Columbia,https://stats.ncaa.org/team/158/stats/14242,https://stats.ncaa.org/player/game_by_game?game_sport_year_ctl_id=14242&org_id=158&stats_player_seq=-100
Coppin St.,https://stats.ncaa.org/team/165/stats/14242,https://stats.ncaa.org/player/game_by_game?game_sport_year_ctl_id=14242&org_id=165&stats_player_seq=-100
Cornell,https://stats.ncaa.org/team/167/stats/14242,https://stats.ncaa.org/player/game_by_game?game_sport_year_ctl_id=14242&org_id=167&stats_player_seq=-100
Creighton,https://stats.ncaa.org/team/169/stats/14242,https://stats.ncaa.org/player/game_by_game?game_sport_year_ctl_id=14242&org_id=169&stats_player_seq=-100
CSU Bakersfield,https://stats.ncaa.org/team/94/stats/14242,https://stats.ncaa.org/player/game_by_game?game_sport_year_ctl_id=14242&org_id=94&stats_player_seq=-100
CSUN,https://stats.ncaa.org/team/101/stats/14242,https://stats.ncaa.org/player/game_by_game?game_sport_year_ctl_id=14242&org_id=101&stats_player_seq=-100
Dartmouth,https://stats.ncaa.org/team/172/stats/14242,https://stats.ncaa.org/player/game_by_game?game_sport_year_ctl_id=14242&org_id=172&stats_player_seq=-100
Davidson,https://stats.ncaa.org/team/173/stats/14242,https://stats.ncaa.org/player/game_by_game?game_sport_year_ctl_id=14242&org_id=173&stats_player_seq=-100
Dayton,https://stats.ncaa.org/team/175/stats/14242,https://stats.ncaa.org/player/game_by_game?game_sport_year_ctl_id=14242&org_id=175&stats_player_seq=-100
Delaware,https://stats.ncaa.org/team/180/stats/14242,https://stats.ncaa.org/player/game_by_game?game_sport_year_ctl_id=14242&org_id=180&stats_player_seq=-100
Delaware St.,https://stats.ncaa.org/team/178/stats/14242,https://stats.ncaa.org/player/game_by_game?game_sport_year_ctl_id=14242&org_id=178&stats_player_seq=-100
Denver,https://stats.ncaa.org/team/183/stats/14242,https://stats.ncaa.org/player/game_by_game?game_sport_year_ctl_id=14242&org_id=183&stats_player_seq=-100
DePaul,https://stats.ncaa.org/team/176/stats/14242,https://stats.ncaa.org/player/game_by_game?game_sport_year_ctl_id=14242&org_id=176&stats_player_seq=-100
Drake,https://stats.ncaa.org/team/189/stats/14242,https://stats.ncaa.org/player/game_by_game?game_sport_year_ctl_id=14242&org_id=189&stats_player_seq=-100
Duke,https://stats.ncaa.org/team/193/stats/14242,https://stats.ncaa.org/player/game_by_game?game_sport_year_ctl_id=14242&org_id=193&stats_player_seq=-100
Duquesne,https://stats.ncaa.org/team/194/stats/14242,https://stats.ncaa.org/player/game_by_game?game_sport_year_ctl_id=14242&org_id=194&stats_player_seq=-100
East Carolina,https://stats.ncaa.org/team/196/stats/14242,https://stats.ncaa.org/player/game_by_game?game_sport_year_ctl_id=14242&org_id=196&stats_player_seq=-100
Eastern Ill.,https://stats.ncaa.org/team/201/stats/14242,https://stats.ncaa.org/player/game_by_game?game_sport_year_ctl_id=14242&org_id=201&stats_player_seq=-100
Eastern Ky.,https://stats.ncaa.org/team/202/stats/14242,https://stats.ncaa.org/player/game_by_game?game_sport_year_ctl_id=14242&org_id=202&stats_player_seq=-100
Eastern Mich.,https://stats.ncaa.org/team/204/stats/14242,https://stats.ncaa.org/player/game_by_game?game_sport_year_ctl_id=14242&org_id=204&stats_player_seq=-100
Eastern Wash.,https://stats.ncaa.org/team/207/stats/14242,https://stats.ncaa.org/player/game_by_game?game_sport_year_ctl_id=14242&org_id=207&stats_player_seq=-100
Elon,https://stats.ncaa.org/team/1068/stats/14242,https://stats.ncaa.org/player/game_by_game?game_sport_year_ctl_id=14242&org_id=1068&stats_player_seq=-100
ETSU,https://stats.ncaa.org/team/198/stats/14242,https://stats.ncaa.org/player/game_by_game?game_sport_year_ctl_id=14242&org_id=198&stats_player_seq=-100
Evansville,https://stats.ncaa.org/team/219/stats/14242,https://stats.ncaa.org/player/game_by_game?game_sport_year_ctl_id=14242&org_id=219&stats_player_seq=-100
Fairfield,https://stats.ncaa.org/team/220/stats/14242,https://stats.ncaa.org/player/game_by_game?game_sport_year_ctl_id=14242&org_id=220&stats_player_seq=-100
Fairleigh Dickinson,https://stats.ncaa.org/team/222/stats/14242,https://stats.ncaa.org/player/game_by_game?game_sport_year_ctl_id=14242&org_id=222&stats_player_seq=-100
FGCU,https://stats.ncaa.org/team/28755/stats/14242,https://stats.ncaa.org/player/game_by_game?game_sport_year_ctl_id=14242&org_id=28755&stats_player_seq=-100
FIU,https://stats.ncaa.org/team/231/stats/14242,https://stats.ncaa.org/player/game_by_game?game_sport_year_ctl_id=14242&org_id=231&stats_player_seq=-100
Fla. Atlantic,https://stats.ncaa.org/team/229/stats/14242,https://stats.ncaa.org/player/game_by_game?game_sport_year_ctl_id=14242&org_id=229&stats_player_seq=-100
Florida,https://stats.ncaa.org/team/235/stats/14242,https://stats.ncaa.org/player/game_by_game?game_sport_year_ctl_id=14242&org_id=235&stats_player_seq=-100
Florida A&M,https://stats.ncaa.org/team/228/stats/14242,https://stats.ncaa.org/player/game_by_game?game_sport_year_ctl_id=14242&org_id=228&stats_player_seq=-100
Florida St.,https://stats.ncaa.org/team/234/stats/14242,https://stats.ncaa.org/player/game_by_game?game_sport_year_ctl_id=14242&org_id=234&stats_player_seq=-100
Fordham,https://stats.ncaa.org/team/236/stats/14242,https://stats.ncaa.org/player/game_by_game?game_sport_year_ctl_id=14242&org_id=236&stats_player_seq=-100
Fresno St.,https://stats.ncaa.org/team/96/stats/14242,https://stats.ncaa.org/player/game_by_game?game_sport_year_ctl_id=14242&org_id=96&stats_player_seq=-100
Furman,https://stats.ncaa.org/team/244/stats/14242,https://stats.ncaa.org/player/game_by_game?game_sport_year_ctl_id=14242&org_id=244&stats_player_seq=-100
Ga. Southern,https://stats.ncaa.org/team/253/stats/14242,https://stats.ncaa.org/player/game_by_game?game_sport_year_ctl_id=14242&org_id=253&stats_player_seq=-100
Gardner-Webb,https://stats.ncaa.org/team/1092/stats/14242,https://stats.ncaa.org/player/game_by_game?game_sport_year_ctl_id=14242&org_id=1092&stats_player_seq=-100
George Mason,https://stats.ncaa.org/team/248/stats/14242,https://stats.ncaa.org/player/game_by_game?game_sport_year_ctl_id=14242&org_id=248&stats_player_seq=-100
George Washington,https://stats.ncaa.org/team/249/stats/14242,https://stats.ncaa.org/player/game_by_game?game_sport_year_ctl_id=14242&org_id=249&stats_player_seq=-100
Georgetown,https://stats.ncaa.org/team/251/stats/14242,https://stats.ncaa.org/player/game_by_game?game_sport_year_ctl_id=14242&org_id=251&stats_player_seq=-100
Georgia,https://stats.ncaa.org/team/257/stats/14242,https://stats.ncaa.org/player/game_by_game?game_sport_year_ctl_id=14242&org_id=257&stats_player_seq=-100
Georgia St.,https://stats.ncaa.org/team/254/stats/14242,https://stats.ncaa.org/player/game_by_game?game_sport_year_ctl_id=14242&org_id=254&stats_player_seq=-100
Georgia Tech,https://stats.ncaa.org/team/255/stats/14242,https://stats.ncaa.org/player/game_by_game?game_sport_year_ctl_id=14242&org_id=255&stats_player_seq=-100
Gonzaga,https://stats.ncaa.org/team/260/stats/14242,https://stats.ncaa.org/player/game_by_game?game_sport_year_ctl_id=14242&org_id=260&stats_player_seq=-100
Grambling,https://stats.ncaa.org/team/261/stats/14242,https://stats.ncaa.org/player/game_by_game?game_sport_year_ctl_id=14242&org_id=261&stats_player_seq=-100
Grand Canyon,https://stats.ncaa.org/team/1104/stats/14242,https://stats.ncaa.org/player/game_by_game?game_sport_year_ctl_id=14242&org_id=1104&stats_player_seq=-100
Green Bay,https://stats.ncaa.org/team/794/stats/14242,https://stats.ncaa.org/player/game_by_game?game_sport_year_ctl_id=14242&org_id=794&stats_player_seq=-100
Hampton,https://stats.ncaa.org/team/270/stats/14242,https://stats.ncaa.org/player/game_by_game?game_sport_year_ctl_id=14242&org_id=270&stats_player_seq=-100
Hartford,https://stats.ncaa.org/team/272/stats/14242,https://stats.ncaa.org/player/game_by_game?game_sport_year_ctl_id=14242&org_id=272&stats_player_seq=-100
Harvard,https://stats.ncaa.org/team/275/stats/14242,https://stats.ncaa.org/player/game_by_game?game_sport_year_ctl_id=14242&org_id=275&stats_player_seq=-100
Hawaii,https://stats.ncaa.org/team/277/stats/14242,https://stats.ncaa.org/player/game_by_game?game_sport_year_ctl_id=14242&org_id=277&stats_player_seq=-100
High Point,https://stats.ncaa.org/team/19651/stats/14242,https://stats.ncaa.org/player/game_by_game?game_sport_year_ctl_id=14242&org_id=19651&stats_player_seq=-100
Hofstra,https://stats.ncaa.org/team/283/stats/14242,https://stats.ncaa.org/player/game_by_game?game_sport_year_ctl_id=14242&org_id=283&stats_player_seq=-100
Holy Cross,https://stats.ncaa.org/team/285/stats/14242,https://stats.ncaa.org/player/game_by_game?game_sport_year_ctl_id=14242&org_id=285&stats_player_seq=-100
Houston,https://stats.ncaa.org/team/288/stats/14242,https://stats.ncaa.org/player/game_by_game?game_sport_year_ctl_id=14242&org_id=288&stats_player_seq=-100
Houston Baptist,https://stats.ncaa.org/team/287/stats/14242,https://stats.ncaa.org/player/game_by_game?game_sport_year_ctl_id=14242&org_id=287&stats_player_seq=-100
Howard,https://stats.ncaa.org/team/290/stats/14242,https://stats.ncaa.org/player/game_by_game?game_sport_year_ctl_id=14242&org_id=290&stats_player_seq=-100
Idaho,https://stats.ncaa.org/team/295/stats/14242,https://stats.ncaa.org/player/game_by_game?game_sport_year_ctl_id=14242&org_id=295&stats_player_seq=-100
Idaho St.,https://stats.ncaa.org/team/294/stats/14242,https://stats.ncaa.org/player/game_by_game?game_sport_year_ctl_id=14242&org_id=294&stats_player_seq=-100
Illinois,https://stats.ncaa.org/team/301/stats/14242,https://stats.ncaa.org/player/game_by_game?game_sport_year_ctl_id=14242&org_id=301&stats_player_seq=-100
Illinois St.,https://stats.ncaa.org/team/299/stats/14242,https://stats.ncaa.org/player/game_by_game?game_sport_year_ctl_id=14242&org_id=299&stats_player_seq=-100
Indiana,https://stats.ncaa.org/team/306/stats/14242,https://stats.ncaa.org/player/game_by_game?game_sport_year_ctl_id=14242&org_id=306&stats_player_seq=-100
Indiana St.,https://stats.ncaa.org/team/305/stats/14242,https://stats.ncaa.org/player/game_by_game?game_sport_year_ctl_id=14242&org_id=305&stats_player_seq=-100
Iona,https://stats.ncaa.org/team/310/stats/14242,https://stats.ncaa.org/player/game_by_game?game_sport_year_ctl_id=14242&org_id=310&stats_player_seq=-100
Iowa,https://stats.ncaa.org/team/312/stats/14242,https://stats.ncaa.org/player/game_by_game?game_sport_year_ctl_id=14242&org_id=312&stats_player_seq=-100
Iowa St.,https://stats.ncaa.org/team/311/stats/14242,https://stats.ncaa.org/player/game_by_game?game_sport_year_ctl_id=14242&org_id=311&stats_player_seq=-100
IUPUI,https://stats.ncaa.org/team/2699/stats/14242,https://stats.ncaa.org/player/game_by_game?game_sport_year_ctl_id=14242&org_id=2699&stats_player_seq=-100
Jackson St.,https://stats.ncaa.org/team/314/stats/14242,https://stats.ncaa.org/player/game_by_game?game_sport_year_ctl_id=14242&org_id=314&stats_player_seq=-100
Jacksonville,https://stats.ncaa.org/team/316/stats/14242,https://stats.ncaa.org/player/game_by_game?game_sport_year_ctl_id=14242&org_id=316&stats_player_seq=-100
Jacksonville St.,https://stats.ncaa.org/team/315/stats/14242,https://stats.ncaa.org/player/game_by_game?game_sport_year_ctl_id=14242&org_id=315&stats_player_seq=-100
James Madison,https://stats.ncaa.org/team/317/stats/14242,https://stats.ncaa.org/player/game_by_game?game_sport_year_ctl_id=14242&org_id=317&stats_player_seq=-100
Kansas,https://stats.ncaa.org/team/328/stats/14242,https://stats.ncaa.org/player/game_by_game?game_sport_year_ctl_id=14242&org_id=328&stats_player_seq=-100
Kansas City,https://stats.ncaa.org/team/2707/stats/14242,https://stats.ncaa.org/player/game_by_game?game_sport_year_ctl_id=14242&org_id=2707&stats_player_seq=-100
Kansas St.,https://stats.ncaa.org/team/327/stats/14242,https://stats.ncaa.org/player/game_by_game?game_sport_year_ctl_id=14242&org_id=327&stats_player_seq=-100
Kennesaw St.,https://stats.ncaa.org/team/1157/stats/14242,https://stats.ncaa.org/player/game_by_game?game_sport_year_ctl_id=14242&org_id=1157&stats_player_seq=-100
Kent St.,https://stats.ncaa.org/team/331/stats/14242,https://stats.ncaa.org/player/game_by_game?game_sport_year_ctl_id=14242&org_id=331&stats_player_seq=-100
Kentucky,https://stats.ncaa.org/team/334/stats/14242,https://stats.ncaa.org/player/game_by_game?game_sport_year_ctl_id=14242&org_id=334&stats_player_seq=-100
La Salle,https://stats.ncaa.org/team/340/stats/14242,https://stats.ncaa.org/player/game_by_game?game_sport_year_ctl_id=14242&org_id=340&stats_player_seq=-100
Lafayette,https://stats.ncaa.org/team/342/stats/14242,https://stats.ncaa.org/player/game_by_game?game_sport_year_ctl_id=14242&org_id=342&stats_player_seq=-100
Lamar University,https://stats.ncaa.org/team/346/stats/14242,https://stats.ncaa.org/player/game_by_game?game_sport_year_ctl_id=14242&org_id=346&stats_player_seq=-100
Lehigh,https://stats.ncaa.org/team/352/stats/14242,https://stats.ncaa.org/player/game_by_game?game_sport_year_ctl_id=14242&org_id=352&stats_player_seq=-100
Liberty,https://stats.ncaa.org/team/355/stats/14242,https://stats.ncaa.org/player/game_by_game?game_sport_year_ctl_id=14242&org_id=355&stats_player_seq=-100
Lipscomb,https://stats.ncaa.org/team/28600/stats/14242,https://stats.ncaa.org/player/game_by_game?game_sport_year_ctl_id=14242&org_id=28600&stats_player_seq=-100
Little Rock,https://stats.ncaa.org/team/32/stats/14242,https://stats.ncaa.org/player/game_by_game?game_sport_year_ctl_id=14242&org_id=32&stats_player_seq=-100
LIU,https://stats.ncaa.org/team/361/stats/14242,https://stats.ncaa.org/player/game_by_game?game_sport_year_ctl_id=14242&org_id=361&stats_player_seq=-100
LMU (CA),https://stats.ncaa.org/team/370/stats/14242,https://stats.ncaa.org/player/game_by_game?game_sport_year_ctl_id=14242&org_id=370&stats_player_seq=-100
Long Beach St.,https://stats.ncaa.org/team/99/stats/14242,https://stats.ncaa.org/player/game_by_game?game_sport_year_ctl_id=14242&org_id=99&stats_player_seq=-100
Louisiana,https://stats.ncaa.org/team/671/stats/14242,https://stats.ncaa.org/player/game_by_game?game_sport_year_ctl_id=14242&org_id=671&stats_player_seq=-100
Louisiana Tech,https://stats.ncaa.org/team/366/stats/14242,https://stats.ncaa.org/player/game_by_game?game_sport_year_ctl_id=14242&org_id=366&stats_player_seq=-100
Louisville,https://stats.ncaa.org/team/367/stats/14242,https://stats.ncaa.org/player/game_by_game?game_sport_year_ctl_id=14242&org_id=367&stats_player_seq=-100
Loyola Chicago,https://stats.ncaa.org/team/371/stats/14242,https://stats.ncaa.org/player/game_by_game?game_sport_year_ctl_id=14242&org_id=371&stats_player_seq=-100
Loyola Maryland,https://stats.ncaa.org/team/369/stats/14242,https://stats.ncaa.org/player/game_by_game?game_sport_year_ctl_id=14242&org_id=369&stats_player_seq=-100
LSU,https://stats.ncaa.org/team/365/stats/14242,https://stats.ncaa.org/player/game_by_game?game_sport_year_ctl_id=14242&org_id=365&stats_player_seq=-100
Manhattan,https://stats.ncaa.org/team/381/stats/14242,https://stats.ncaa.org/player/game_by_game?game_sport_year_ctl_id=14242&org_id=381&stats_player_seq=-100
Marist,https://stats.ncaa.org/team/386/stats/14242,https://stats.ncaa.org/player/game_by_game?game_sport_year_ctl_id=14242&org_id=386&stats_player_seq=-100
Marquette,https://stats.ncaa.org/team/387/stats/14242,https://stats.ncaa.org/player/game_by_game?game_sport_year_ctl_id=14242&org_id=387&stats_player_seq=-100
Marshall,https://stats.ncaa.org/team/388/stats/14242,https://stats.ncaa.org/player/game_by_game?game_sport_year_ctl_id=14242&org_id=388&stats_player_seq=-100
Maryland,https://stats.ncaa.org/team/392/stats/14242,https://stats.ncaa.org/player/game_by_game?game_sport_year_ctl_id=14242&org_id=392&stats_player_seq=-100
McNeese,https://stats.ncaa.org/team/402/stats/14242,https://stats.ncaa.org/player/game_by_game?game_sport_year_ctl_id=14242&org_id=402&stats_player_seq=-100
Memphis,https://stats.ncaa.org/team/404/stats/14242,https://stats.ncaa.org/player/game_by_game?game_sport_year_ctl_id=14242&org_id=404&stats_player_seq=-100
Mercer,https://stats.ncaa.org/team/406/stats/14242,https://stats.ncaa.org/player/game_by_game?game_sport_year_ctl_id=14242&org_id=406&stats_player_seq=-100
Miami (FL),https://stats.ncaa.org/team/415/stats/14242,https://stats.ncaa.org/player/game_by_game?game_sport_year_ctl_id=14242&org_id=415&stats_player_seq=-100
Miami (OH),https://stats.ncaa.org/team/414/stats/14242,https://stats.ncaa.org/player/game_by_game?game_sport_year_ctl_id=14242&org_id=414&stats_player_seq=-100
Michigan,https://stats.ncaa.org/team/418/stats/14242,https://stats.ncaa.org/player/game_by_game?game_sport_year_ctl_id=14242&org_id=418&stats_player_seq=-100
Michigan St.,https://stats.ncaa.org/team/416/stats/14242,https://stats.ncaa.org/player/game_by_game?game_sport_year_ctl_id=14242&org_id=416&stats_player_seq=-100
Middle Tenn.,https://stats.ncaa.org/team/419/stats/14242,https://stats.ncaa.org/player/game_by_game?game_sport_year_ctl_id=14242&org_id=419&stats_player_seq=-100
Milwaukee,https://stats.ncaa.org/team/797/stats/14242,https://stats.ncaa.org/player/game_by_game?game_sport_year_ctl_id=14242&org_id=797&stats_player_seq=-100
Minnesota,https://stats.ncaa.org/team/428/stats/14242,https://stats.ncaa.org/player/game_by_game?game_sport_year_ctl_id=14242&org_id=428&stats_player_seq=-100
Mississippi St.,https://stats.ncaa.org/team/430/stats/14242,https://stats.ncaa.org/player/game_by_game?game_sport_year_ctl_id=14242&org_id=430&stats_player_seq=-100
Mississippi Val.,https://stats.ncaa.org/team/432/stats/14242,https://stats.ncaa.org/player/game_by_game?game_sport_year_ctl_id=14242&org_id=432&stats_player_seq=-100
Missouri,https://stats.ncaa.org/team/434/stats/14242,https://stats.ncaa.org/player/game_by_game?game_sport_year_ctl_id=14242&org_id=434&stats_player_seq=-100
Missouri St.,https://stats.ncaa.org/team/669/stats/14242,https://stats.ncaa.org/player/game_by_game?game_sport_year_ctl_id=14242&org_id=669&stats_player_seq=-100
Montana,https://stats.ncaa.org/team/441/stats/14242,https://stats.ncaa.org/player/game_by_game?game_sport_year_ctl_id=14242&org_id=441&stats_player_seq=-100
Montana St.,https://stats.ncaa.org/team/440/stats/14242,https://stats.ncaa.org/player/game_by_game?game_sport_year_ctl_id=14242&org_id=440&stats_player_seq=-100
Morehead St.,https://stats.ncaa.org/team/444/stats/14242,https://stats.ncaa.org/player/game_by_game?game_sport_year_ctl_id=14242&org_id=444&stats_player_seq=-100
Morgan St.,https://stats.ncaa.org/team/446/stats/14242,https://stats.ncaa.org/player/game_by_game?game_sport_year_ctl_id=14242&org_id=446&stats_player_seq=-100
Murray St.,https://stats.ncaa.org/team/454/stats/14242,https://stats.ncaa.org/player/game_by_game?game_sport_year_ctl_id=14242&org_id=454&stats_player_seq=-100
N.C. A&T,https://stats.ncaa.org/team/488/stats/14242,https://stats.ncaa.org/player/game_by_game?game_sport_year_ctl_id=14242&org_id=488&stats_player_seq=-100
N.C. Central,https://stats.ncaa.org/team/489/stats/14242,https://stats.ncaa.org/player/game_by_game?game_sport_year_ctl_id=14242&org_id=489&stats_player_seq=-100
Navy,https://stats.ncaa.org/team/726/stats/14242,https://stats.ncaa.org/player/game_by_game?game_sport_year_ctl_id=14242&org_id=726&stats_player_seq=-100
NC State,https://stats.ncaa.org/team/490/stats/14242,https://stats.ncaa.org/player/game_by_game?game_sport_year_ctl_id=14242&org_id=490&stats_player_seq=-100
Nebraska,https://stats.ncaa.org/team/463/stats/14242,https://stats.ncaa.org/player/game_by_game?game_sport_year_ctl_id=14242&org_id=463&stats_player_seq=-100
Nevada,https://stats.ncaa.org/team/466/stats/14242,https://stats.ncaa.org/player/game_by_game?game_sport_year_ctl_id=14242&org_id=466&stats_player_seq=-100
New Hampshire,https://stats.ncaa.org/team/469/stats/14242,https://stats.ncaa.org/player/game_by_game?game_sport_year_ctl_id=14242&org_id=469&stats_player_seq=-100
New Mexico,https://stats.ncaa.org/team/473/stats/14242,https://stats.ncaa.org/player/game_by_game?game_sport_year_ctl_id=14242&org_id=473&stats_player_seq=-100
New Mexico St.,https://stats.ncaa.org/team/472/stats/14242,https://stats.ncaa.org/player/game_by_game?game_sport_year_ctl_id=14242&org_id=472&stats_player_seq=-100
New Orleans,https://stats.ncaa.org/team/474/stats/14242,https://stats.ncaa.org/player/game_by_game?game_sport_year_ctl_id=14242&org_id=474&stats_player_seq=-100
Niagara,https://stats.ncaa.org/team/482/stats/14242,https://stats.ncaa.org/player/game_by_game?game_sport_year_ctl_id=14242&org_id=482&stats_player_seq=-100
Nicholls,https://stats.ncaa.org/team/483/stats/14242,https://stats.ncaa.org/player/game_by_game?game_sport_year_ctl_id=14242&org_id=483&stats_player_seq=-100
NJIT,https://stats.ncaa.org/team/471/stats/14242,https://stats.ncaa.org/player/game_by_game?game_sport_year_ctl_id=14242&org_id=471&stats_player_seq=-100
Norfolk St.,https://stats.ncaa.org/team/485/stats/14242,https://stats.ncaa.org/player/game_by_game?game_sport_year_ctl_id=14242&org_id=485&stats_player_seq=-100
North Ala.,https://stats.ncaa.org/team/487/stats/14242,https://stats.ncaa.org/player/game_by_game?game_sport_year_ctl_id=14242&org_id=487&stats_player_seq=-100
North Carolina,https://stats.ncaa.org/team/457/stats/14242,https://stats.ncaa.org/player/game_by_game?game_sport_year_ctl_id=14242&org_id=457&stats_player_seq=-100
North Dakota,https://stats.ncaa.org/team/494/stats/14242,https://stats.ncaa.org/player/game_by_game?game_sport_year_ctl_id=14242&org_id=494&stats_player_seq=-100
North Dakota St.,https://stats.ncaa.org/team/493/stats/14242,https://stats.ncaa.org/player/game_by_game?game_sport_year_ctl_id=14242&org_id=493&stats_player_seq=-100
North Florida,https://stats.ncaa.org/team/2711/stats/14242,https://stats.ncaa.org/player/game_by_game?game_sport_year_ctl_id=14242&org_id=2711&stats_player_seq=-100
North Texas,https://stats.ncaa.org/team/497/stats/14242,https://stats.ncaa.org/player/game_by_game?game_sport_year_ctl_id=14242&org_id=497&stats_player_seq=-100
Northeastern,https://stats.ncaa.org/team/500/stats/14242,https://stats.ncaa.org/player/game_by_game?game_sport_year_ctl_id=14242&org_id=500&stats_player_seq=-100
Northern Ariz.,https://stats.ncaa.org/team/501/stats/14242,https://stats.ncaa.org/player/game_by_game?game_sport_year_ctl_id=14242&org_id=501&stats_player_seq=-100
Northern Colo.,https://stats.ncaa.org/team/502/stats/14242,https://stats.ncaa.org/player/game_by_game?game_sport_year_ctl_id=14242&org_id=502&stats_player_seq=-100
Northern Ill.,https://stats.ncaa.org/team/503/stats/14242,https://stats.ncaa.org/player/game_by_game?game_sport_year_ctl_id=14242&org_id=503&stats_player_seq=-100
Northern Ky.,https://stats.ncaa.org/team/505/stats/14242,https://stats.ncaa.org/player/game_by_game?game_sport_year_ctl_id=14242&org_id=505&stats_player_seq=-100
Northwestern,https://stats.ncaa.org/team/509/stats/14242,https://stats.ncaa.org/player/game_by_game?game_sport_year_ctl_id=14242&org_id=509&stats_player_seq=-100
Northwestern St.,https://stats.ncaa.org/team/508/stats/14242,https://stats.ncaa.org/player/game_by_game?game_sport_year_ctl_id=14242&org_id=508&stats_player_seq=-100
Notre Dame,https://stats.ncaa.org/team/513/stats/14242,https://stats.ncaa.org/player/game_by_game?game_sport_year_ctl_id=14242&org_id=513&stats_player_seq=-100
Oakland,https://stats.ncaa.org/team/514/stats/14242,https://stats.ncaa.org/player/game_by_game?game_sport_year_ctl_id=14242&org_id=514&stats_player_seq=-100
Ohio,https://stats.ncaa.org/team/519/stats/14242,https://stats.ncaa.org/player/game_by_game?game_sport_year_ctl_id=14242&org_id=519&stats_player_seq=-100
Ohio St.,https://stats.ncaa.org/team/518/stats/14242,https://stats.ncaa.org/player/game_by_game?game_sport_year_ctl_id=14242&org_id=518&stats_player_seq=-100
Oklahoma,https://stats.ncaa.org/team/522/stats/14242,https://stats.ncaa.org/player/game_by_game?game_sport_year_ctl_id=14242&org_id=522&stats_player_seq=-100
Ole Miss,https://stats.ncaa.org/team/433/stats/14242,https://stats.ncaa.org/player/game_by_game?game_sport_year_ctl_id=14242&org_id=433&stats_player_seq=-100
Omaha,https://stats.ncaa.org/team/464/stats/14242,https://stats.ncaa.org/player/game_by_game?game_sport_year_ctl_id=14242&org_id=464&stats_player_seq=-100
Oral Roberts,https://stats.ncaa.org/team/527/stats/14242,https://stats.ncaa.org/player/game_by_game?game_sport_year_ctl_id=14242&org_id=527&stats_player_seq=-100
Oregon,https://stats.ncaa.org/team/529/stats/14242,https://stats.ncaa.org/player/game_by_game?game_sport_year_ctl_id=14242&org_id=529&stats_player_seq=-100
Oregon St.,https://stats.ncaa.org/team/528/stats/14242,https://stats.ncaa.org/player/game_by_game?game_sport_year_ctl_id=14242&org_id=528&stats_player_seq=-100
Pacific,https://stats.ncaa.org/team/534/stats/14242,https://stats.ncaa.org/player/game_by_game?game_sport_year_ctl_id=14242&org_id=534&stats_player_seq=-100
Penn,https://stats.ncaa.org/team/540/stats/14242,https://stats.ncaa.org/player/game_by_game?game_sport_year_ctl_id=14242&org_id=540&stats_player_seq=-100
Penn St.,https://stats.ncaa.org/team/539/stats/14242,https://stats.ncaa.org/player/game_by_game?game_sport_year_ctl_id=14242&org_id=539&stats_player_seq=-100
Pepperdine,https://stats.ncaa.org/team/541/stats/14242,https://stats.ncaa.org/player/game_by_game?game_sport_year_ctl_id=14242&org_id=541&stats_player_seq=-100
Pittsburgh,https://stats.ncaa.org/team/545/stats/14242,https://stats.ncaa.org/player/game_by_game?game_sport_year_ctl_id=14242&org_id=545&stats_player_seq=-100
Portland,https://stats.ncaa.org/team/551/stats/14242,https://stats.ncaa.org/player/game_by_game?game_sport_year_ctl_id=14242&org_id=551&stats_player_seq=-100
Portland St.,https://stats.ncaa.org/team/550/stats/14242,https://stats.ncaa.org/player/game_by_game?game_sport_year_ctl_id=14242&org_id=550&stats_player_seq=-100
Prairie View,https://stats.ncaa.org/team/553/stats/14242,https://stats.ncaa.org/player/game_by_game?game_sport_year_ctl_id=14242&org_id=553&stats_player_seq=-100
Presbyterian,https://stats.ncaa.org/team/1320/stats/14242,https://stats.ncaa.org/player/game_by_game?game_sport_year_ctl_id=14242&org_id=1320&stats_player_seq=-100
Princeton,https://stats.ncaa.org/team/554/stats/14242,https://stats.ncaa.org/player/game_by_game?game_sport_year_ctl_id=14242&org_id=554&stats_player_seq=-100
Providence,https://stats.ncaa.org/team/556/stats/14242,https://stats.ncaa.org/player/game_by_game?game_sport_year_ctl_id=14242&org_id=556&stats_player_seq=-100
Purdue,https://stats.ncaa.org/team/559/stats/14242,https://stats.ncaa.org/player/game_by_game?game_sport_year_ctl_id=14242&org_id=559&stats_player_seq=-100
Purdue Fort Wayne,https://stats.ncaa.org/team/308/stats/14242,https://stats.ncaa.org/player/game_by_game?game_sport_year_ctl_id=14242&org_id=308&stats_player_seq=-100
Quinnipiac,https://stats.ncaa.org/team/562/stats/14242,https://stats.ncaa.org/player/game_by_game?game_sport_year_ctl_id=14242&org_id=562&stats_player_seq=-100
Radford,https://stats.ncaa.org/team/563/stats/14242,https://stats.ncaa.org/player/game_by_game?game_sport_year_ctl_id=14242&org_id=563&stats_player_seq=-100
Rhode Island,https://stats.ncaa.org/team/572/stats/14242,https://stats.ncaa.org/player/game_by_game?game_sport_year_ctl_id=14242&org_id=572&stats_player_seq=-100
Rice,https://stats.ncaa.org/team/574/stats/14242,https://stats.ncaa.org/player/game_by_game?game_sport_year_ctl_id=14242&org_id=574&stats_player_seq=-100
Rider,https://stats.ncaa.org/team/576/stats/14242,https://stats.ncaa.org/player/game_by_game?game_sport_year_ctl_id=14242&org_id=576&stats_player_seq=-100
Robert Morris,https://stats.ncaa.org/team/579/stats/14242,https://stats.ncaa.org/player/game_by_game?game_sport_year_ctl_id=14242&org_id=579&stats_player_seq=-100
Rutgers,https://stats.ncaa.org/team/587/stats/14242,https://stats.ncaa.org/player/game_by_game?game_sport_year_ctl_id=14242&org_id=587&stats_player_seq=-100
Sacramento St.,https://stats.ncaa.org/team/102/stats/14242,https://stats.ncaa.org/player/game_by_game?game_sport_year_ctl_id=14242&org_id=102&stats_player_seq=-100
Sacred Heart,https://stats.ncaa.org/team/590/stats/14242,https://stats.ncaa.org/player/game_by_game?game_sport_year_ctl_id=14242&org_id=590&stats_player_seq=-100
Saint Francis (PA),https://stats.ncaa.org/team/600/stats/14242,https://stats.ncaa.org/player/game_by_game?game_sport_year_ctl_id=14242&org_id=600&stats_player_seq=-100
Saint Louis,https://stats.ncaa.org/team/609/stats/14242,https://stats.ncaa.org/player/game_by_game?game_sport_year_ctl_id=14242&org_id=609&stats_player_seq=-100
Saint Mary's (CA),https://stats.ncaa.org/team/610/stats/14242,https://stats.ncaa.org/player/game_by_game?game_sport_year_ctl_id=14242&org_id=610&stats_player_seq=-100
Saint Peter's,https://stats.ncaa.org/team/617/stats/14242,https://stats.ncaa.org/player/game_by_game?game_sport_year_ctl_id=14242&org_id=617&stats_player_seq=-100
Sam Houston,https://stats.ncaa.org/team/624/stats/14242,https://stats.ncaa.org/player/game_by_game?game_sport_year_ctl_id=14242&org_id=624&stats_player_seq=-100
Samford,https://stats.ncaa.org/team/625/stats/14242,https://stats.ncaa.org/player/game_by_game?game_sport_year_ctl_id=14242&org_id=625&stats_player_seq=-100
San Diego,https://stats.ncaa.org/team/627/stats/14242,https://stats.ncaa.org/player/game_by_game?game_sport_year_ctl_id=14242&org_id=627&stats_player_seq=-100
San Diego St.,https://stats.ncaa.org/team/626/stats/14242,https://stats.ncaa.org/player/game_by_game?game_sport_year_ctl_id=14242&org_id=626&stats_player_seq=-100
San Francisco,https://stats.ncaa.org/team/629/stats/14242,https://stats.ncaa.org/player/game_by_game?game_sport_year_ctl_id=14242&org_id=629&stats_player_seq=-100
San Jose St.,https://stats.ncaa.org/team/630/stats/14242,https://stats.ncaa.org/player/game_by_game?game_sport_year_ctl_id=14242&org_id=630&stats_player_seq=-100
Santa Clara,https://stats.ncaa.org/team/631/stats/14242,https://stats.ncaa.org/player/game_by_game?game_sport_year_ctl_id=14242&org_id=631&stats_player_seq=-100
Savannah St.,https://stats.ncaa.org/team/632/stats/14242,https://stats.ncaa.org/player/game_by_game?game_sport_year_ctl_id=14242&org_id=632&stats_player_seq=-100
Seattle U,https://stats.ncaa.org/team/1356/stats/14242,https://stats.ncaa.org/player/game_by_game?game_sport_year_ctl_id=14242&org_id=1356&stats_player_seq=-100
Seton Hall,https://stats.ncaa.org/team/635/stats/14242,https://stats.ncaa.org/player/game_by_game?game_sport_year_ctl_id=14242&org_id=635&stats_player_seq=-100
SFA,https://stats.ncaa.org/team/676/stats/14242,https://stats.ncaa.org/player/game_by_game?game_sport_year_ctl_id=14242&org_id=676&stats_player_seq=-100
Siena,https://stats.ncaa.org/team/639/stats/14242,https://stats.ncaa.org/player/game_by_game?game_sport_year_ctl_id=14242&org_id=639&stats_player_seq=-100
SIUE,https://stats.ncaa.org/team/660/stats/14242,https://stats.ncaa.org/player/game_by_game?game_sport_year_ctl_id=14242&org_id=660&stats_player_seq=-100
SMU,https://stats.ncaa.org/team/663/stats/14242,https://stats.ncaa.org/player/game_by_game?game_sport_year_ctl_id=14242&org_id=663&stats_player_seq=-100
South Alabama,https://stats.ncaa.org/team/646/stats/14242,https://stats.ncaa.org/player/game_by_game?game_sport_year_ctl_id=14242&org_id=646&stats_player_seq=-100
South Carolina,https://stats.ncaa.org/team/648/stats/14242,https://stats.ncaa.org/player/game_by_game?game_sport_year_ctl_id=14242&org_id=648&stats_player_seq=-100
South Carolina St.,https://stats.ncaa.org/team/647/stats/14242,https://stats.ncaa.org/player/game_by_game?game_sport_year_ctl_id=14242&org_id=647&stats_player_seq=-100
South Dakota,https://stats.ncaa.org/team/650/stats/14242,https://stats.ncaa.org/player/game_by_game?game_sport_year_ctl_id=14242&org_id=650&stats_player_seq=-100
South Dakota St.,https://stats.ncaa.org/team/649/stats/14242,https://stats.ncaa.org/player/game_by_game?game_sport_year_ctl_id=14242&org_id=649&stats_player_seq=-100
South Fla.,https://stats.ncaa.org/team/651/stats/14242,https://stats.ncaa.org/player/game_by_game?game_sport_year_ctl_id=14242&org_id=651&stats_player_seq=-100
Southeast Mo. St.,https://stats.ncaa.org/team/654/stats/14242,https://stats.ncaa.org/player/game_by_game?game_sport_year_ctl_id=14242&org_id=654&stats_player_seq=-100
Southeastern La.,https://stats.ncaa.org/team/655/stats/14242,https://stats.ncaa.org/player/game_by_game?game_sport_year_ctl_id=14242&org_id=655&stats_player_seq=-100
Southern California,https://stats.ncaa.org/team/657/stats/14242,https://stats.ncaa.org/player/game_by_game?game_sport_year_ctl_id=14242&org_id=657&stats_player_seq=-100
Southern Ill.,https://stats.ncaa.org/team/659/stats/14242,https://stats.ncaa.org/player/game_by_game?game_sport_year_ctl_id=14242&org_id=659&stats_player_seq=-100
Southern Miss.,https://stats.ncaa.org/team/664/stats/14242,https://stats.ncaa.org/player/game_by_game?game_sport_year_ctl_id=14242&org_id=664&stats_player_seq=-100
Southern U.,https://stats.ncaa.org/team/665/stats/14242,https://stats.ncaa.org/player/game_by_game?game_sport_year_ctl_id=14242&org_id=665&stats_player_seq=-100
Southern Utah,https://stats.ncaa.org/team/667/stats/14242,https://stats.ncaa.org/player/game_by_game?game_sport_year_ctl_id=14242&org_id=667&stats_player_seq=-100
St. Francis Brooklyn,https://stats.ncaa.org/team/599/stats/14242,https://stats.ncaa.org/player/game_by_game?game_sport_year_ctl_id=14242&org_id=599&stats_player_seq=-100
St. John's (NY),https://stats.ncaa.org/team/603/stats/14242,https://stats.ncaa.org/player/game_by_game?game_sport_year_ctl_id=14242&org_id=603&stats_player_seq=-100
Stanford,https://stats.ncaa.org/team/674/stats/14242,https://stats.ncaa.org/player/game_by_game?game_sport_year_ctl_id=14242&org_id=674&stats_player_seq=-100
Stetson,https://stats.ncaa.org/team/678/stats/14242,https://stats.ncaa.org/player/game_by_game?game_sport_year_ctl_id=14242&org_id=678&stats_player_seq=-100
Stony Brook,https://stats.ncaa.org/team/683/stats/14242,https://stats.ncaa.org/player/game_by_game?game_sport_year_ctl_id=14242&org_id=683&stats_player_seq=-100
Syracuse,https://stats.ncaa.org/team/688/stats/14242,https://stats.ncaa.org/player/game_by_game?game_sport_year_ctl_id=14242&org_id=688&stats_player_seq=-100
TCU,https://stats.ncaa.org/team/698/stats/14242,https://stats.ncaa.org/player/game_by_game?game_sport_year_ctl_id=14242&org_id=698&stats_player_seq=-100
Temple,https://stats.ncaa.org/team/690/stats/14242,https://stats.ncaa.org/player/game_by_game?game_sport_year_ctl_id=14242&org_id=690&stats_player_seq=-100
Tennessee,https://stats.ncaa.org/team/694/stats/14242,https://stats.ncaa.org/player/game_by_game?game_sport_year_ctl_id=14242&org_id=694&stats_player_seq=-100
Tennessee St.,https://stats.ncaa.org/team/691/stats/14242,https://stats.ncaa.org/player/game_by_game?game_sport_year_ctl_id=14242&org_id=691&stats_player_seq=-100
Tennessee Tech,https://stats.ncaa.org/team/692/stats/14242,https://stats.ncaa.org/player/game_by_game?game_sport_year_ctl_id=14242&org_id=692&stats_player_seq=-100
Texas,https://stats.ncaa.org/team/703/stats/14242,https://stats.ncaa.org/player/game_by_game?game_sport_year_ctl_id=14242&org_id=703&stats_player_seq=-100
Texas A&M,https://stats.ncaa.org/team/697/stats/14242,https://stats.ncaa.org/player/game_by_game?game_sport_year_ctl_id=14242&org_id=697&stats_player_seq=-100
Texas Southern,https://stats.ncaa.org/team/699/stats/14242,https://stats.ncaa.org/player/game_by_game?game_sport_year_ctl_id=14242&org_id=699&stats_player_seq=-100
Texas St.,https://stats.ncaa.org/team/670/stats/14242,https://stats.ncaa.org/player/game_by_game?game_sport_year_ctl_id=14242&org_id=670&stats_player_seq=-100
Texas Tech,https://stats.ncaa.org/team/700/stats/14242,https://stats.ncaa.org/player/game_by_game?game_sport_year_ctl_id=14242&org_id=700&stats_player_seq=-100
The Citadel,https://stats.ncaa.org/team/141/stats/14242,https://stats.ncaa.org/player/game_by_game?game_sport_year_ctl_id=14242&org_id=141&stats_player_seq=-100
Toledo,https://stats.ncaa.org/team/709/stats/14242,https://stats.ncaa.org/player/game_by_game?game_sport_year_ctl_id=14242&org_id=709&stats_player_seq=-100
Towson,https://stats.ncaa.org/team/711/stats/14242,https://stats.ncaa.org/player/game_by_game?game_sport_year_ctl_id=14242&org_id=711&stats_player_seq=-100
Troy,https://stats.ncaa.org/team/716/stats/14242,https://stats.ncaa.org/player/game_by_game?game_sport_year_ctl_id=14242&org_id=716&stats_player_seq=-100
Tulane,https://stats.ncaa.org/team/718/stats/14242,https://stats.ncaa.org/player/game_by_game?game_sport_year_ctl_id=14242&org_id=718&stats_player_seq=-100
Tulsa,https://stats.ncaa.org/team/719/stats/14242,https://stats.ncaa.org/player/game_by_game?game_sport_year_ctl_id=14242&org_id=719&stats_player_seq=-100
UAB,https://stats.ncaa.org/team/9/stats/14242,https://stats.ncaa.org/player/game_by_game?game_sport_year_ctl_id=14242&org_id=9&stats_player_seq=-100
UC Davis,https://stats.ncaa.org/team/108/stats/14242,https://stats.ncaa.org/player/game_by_game?game_sport_year_ctl_id=14242&org_id=108&stats_player_seq=-100
UC Irvine,https://stats.ncaa.org/team/109/stats/14242,https://stats.ncaa.org/player/game_by_game?game_sport_year_ctl_id=14242&org_id=109&stats_player_seq=-100
UC Riverside,https://stats.ncaa.org/team/111/stats/14242,https://stats.ncaa.org/player/game_by_game?game_sport_year_ctl_id=14242&org_id=111&stats_player_seq=-100
UC Santa Barbara,https://stats.ncaa.org/team/104/stats/14242,https://stats.ncaa.org/player/game_by_game?game_sport_year_ctl_id=14242&org_id=104&stats_player_seq=-100
UCF,https://stats.ncaa.org/team/128/stats/14242,https://stats.ncaa.org/player/game_by_game?game_sport_year_ctl_id=14242&org_id=128&stats_player_seq=-100
UCLA,https://stats.ncaa.org/team/110/stats/14242,https://stats.ncaa.org/player/game_by_game?game_sport_year_ctl_id=14242&org_id=110&stats_player_seq=-100
UConn,https://stats.ncaa.org/team/164/stats/14242,https://stats.ncaa.org/player/game_by_game?game_sport_year_ctl_id=14242&org_id=164&stats_player_seq=-100
UIC,https://stats.ncaa.org/team/302/stats/14242,https://stats.ncaa.org/player/game_by_game?game_sport_year_ctl_id=14242&org_id=302&stats_player_seq=-100
UIW,https://stats.ncaa.org/team/2743/stats/14242,https://stats.ncaa.org/player/game_by_game?game_sport_year_ctl_id=14242&org_id=2743&stats_player_seq=-100
ULM,https://stats.ncaa.org/team/498/stats/14242,https://stats.ncaa.org/player/game_by_game?game_sport_year_ctl_id=14242&org_id=498&stats_player_seq=-100
UMass Lowell,https://stats.ncaa.org/team/368/stats/14242,https://stats.ncaa.org/player/game_by_game?game_sport_year_ctl_id=14242&org_id=368&stats_player_seq=-100
UMBC,https://stats.ncaa.org/team/391/stats/14242,https://stats.ncaa.org/player/game_by_game?game_sport_year_ctl_id=14242&org_id=391&stats_player_seq=-100
UMES,https://stats.ncaa.org/team/393/stats/14242,https://stats.ncaa.org/player/game_by_game?game_sport_year_ctl_id=14242&org_id=393&stats_player_seq=-100
UNC Asheville,https://stats.ncaa.org/team/456/stats/14242,https://stats.ncaa.org/player/game_by_game?game_sport_year_ctl_id=14242&org_id=456&stats_player_seq=-100
UNC Greensboro,https://stats.ncaa.org/team/459/stats/14242,https://stats.ncaa.org/player/game_by_game?game_sport_year_ctl_id=14242&org_id=459&stats_player_seq=-100
UNCW,https://stats.ncaa.org/team/460/stats/14242,https://stats.ncaa.org/player/game_by_game?game_sport_year_ctl_id=14242&org_id=460&stats_player_seq=-100
UNI,https://stats.ncaa.org/team/504/stats/14242,https://stats.ncaa.org/player/game_by_game?game_sport_year_ctl_id=14242&org_id=504&stats_player_seq=-100
UNLV,https://stats.ncaa.org/team/465/stats/14242,https://stats.ncaa.org/player/game_by_game?game_sport_year_ctl_id=14242&org_id=465&stats_player_seq=-100
USC Upstate,https://stats.ncaa.org/team/10411/stats/14242,https://stats.ncaa.org/player/game_by_game?game_sport_year_ctl_id=14242&org_id=10411&stats_player_seq=-100
UT Arlington,https://stats.ncaa.org/team/702/stats/14242,https://stats.ncaa.org/player/game_by_game?game_sport_year_ctl_id=14242&org_id=702&stats_player_seq=-100
UT Martin,https://stats.ncaa.org/team/695/stats/14242,https://stats.ncaa.org/player/game_by_game?game_sport_year_ctl_id=14242&org_id=695&stats_player_seq=-100
Utah,https://stats.ncaa.org/team/732/stats/14242,https://stats.ncaa.org/player/game_by_game?game_sport_year_ctl_id=14242&org_id=732&stats_player_seq=-100
Utah St.,https://stats.ncaa.org/team/731/stats/14242,https://stats.ncaa.org/player/game_by_game?game_sport_year_ctl_id=14242&org_id=731&stats_player_seq=-100
Utah Valley,https://stats.ncaa.org/team/30024/stats/14242,https://stats.ncaa.org/player/game_by_game?game_sport_year_ctl_id=14242&org_id=30024&stats_player_seq=-100
UTEP,https://stats.ncaa.org/team/704/stats/14242,https://stats.ncaa.org/player/game_by_game?game_sport_year_ctl_id=14242&org_id=704&stats_player_seq=-100
UTRGV,https://stats.ncaa.org/team/536/stats/14242,https://stats.ncaa.org/player/game_by_game?game_sport_year_ctl_id=14242&org_id=536&stats_player_seq=-100
UTSA,https://stats.ncaa.org/team/706/stats/14242,https://stats.ncaa.org/player/game_by_game?game_sport_year_ctl_id=14242&org_id=706&stats_player_seq=-100
Valparaiso,https://stats.ncaa.org/team/735/stats/14242,https://stats.ncaa.org/player/game_by_game?game_sport_year_ctl_id=14242&org_id=735&stats_player_seq=-100
VCU,https://stats.ncaa.org/team/740/stats/14242,https://stats.ncaa.org/player/game_by_game?game_sport_year_ctl_id=14242&org_id=740&stats_player_seq=-100
Villanova,https://stats.ncaa.org/team/739/stats/14242,https://stats.ncaa.org/player/game_by_game?game_sport_year_ctl_id=14242&org_id=739&stats_player_seq=-100
Virginia,https://stats.ncaa.org/team/746/stats/14242,https://stats.ncaa.org/player/game_by_game?game_sport_year_ctl_id=14242&org_id=746&stats_player_seq=-100
Virginia Tech,https://stats.ncaa.org/team/742/stats/14242,https://stats.ncaa.org/player/game_by_game?game_sport_year_ctl_id=14242&org_id=742&stats_player_seq=-100
Wake Forest,https://stats.ncaa.org/team/749/stats/14242,https://stats.ncaa.org/player/game_by_game?game_sport_year_ctl_id=14242&org_id=749&stats_player_seq=-100
Washington,https://stats.ncaa.org/team/756/stats/14242,https://stats.ncaa.org/player/game_by_game?game_sport_year_ctl_id=14242&org_id=756&stats_player_seq=-100
Washington St.,https://stats.ncaa.org/team/754/stats/14242,https://stats.ncaa.org/player/game_by_game?game_sport_year_ctl_id=14242&org_id=754&stats_player_seq=-100
Weber St.,https://stats.ncaa.org/team/758/stats/14242,https://stats.ncaa.org/player/game_by_game?game_sport_year_ctl_id=14242&org_id=758&stats_player_seq=-100
West Virginia,https://stats.ncaa.org/team/768/stats/14242,https://stats.ncaa.org/player/game_by_game?game_sport_year_ctl_id=14242&org_id=768&stats_player_seq=-100
Western Caro.,https://stats.ncaa.org/team/769/stats/14242,https://stats.ncaa.org/player/game_by_game?game_sport_year_ctl_id=14242&org_id=769&stats_player_seq=-100
Western Ill.,https://stats.ncaa.org/team/771/stats/14242,https://stats.ncaa.org/player/game_by_game?game_sport_year_ctl_id=14242&org_id=771&stats_player_seq=-100
Western Ky.,https://stats.ncaa.org/team/772/stats/14242,https://stats.ncaa.org/player/game_by_game?game_sport_year_ctl_id=14242&org_id=772&stats_player_seq=-100
Western Mich.,https://stats.ncaa.org/team/774/stats/14242,https://stats.ncaa.org/player/game_by_game?game_sport_year_ctl_id=14242&org_id=774&stats_player_seq=-100
Wichita St.,https://stats.ncaa.org/team/782/stats/14242,https://stats.ncaa.org/player/game_by_game?game_sport_year_ctl_id=14242&org_id=782&stats_player_seq=-100
William & Mary,https://stats.ncaa.org/team/786/stats/14242,https://stats.ncaa.org/player/game_by_game?game_sport_year_ctl_id=14242&org_id=786&stats_player_seq=-100
Winthrop,https://stats.ncaa.org/team/792/stats/14242,https://stats.ncaa.org/player/game_by_game?game_sport_year_ctl_id=14242&org_id=792&stats_player_seq=-100
Wisconsin,https://stats.ncaa.org/team/796/stats/14242,https://stats.ncaa.org/player/game_by_game?game_sport_year_ctl_id=14242&org_id=796&stats_player_seq=-100
Wofford,https://stats.ncaa.org/team/2915/stats/14242,https://stats.ncaa.org/player/game_by_game?game_sport_year_ctl_id=14242&org_id=2915&stats_player_seq=-100
Wright St.,https://stats.ncaa.org/team/810/stats/14242,https://stats.ncaa.org/player/game_by_game?game_sport_year_ctl_id=14242&org_id=810&stats_player_seq=-100
Wyoming,https://stats.ncaa.org/team/811/stats/14242,https://stats.ncaa.org/player/game_by_game?game_sport_year_ctl_id=14242&org_id=811&stats_player_seq=-100
Xavier,https://stats.ncaa.org/team/812/stats/14242,https://stats.ncaa.org/player/game_by_game?game_sport_year_ctl_id=14242&org_id=812&stats_player_seq=-100
Yale,https://stats.ncaa.org/team/813/stats/14242,https://stats.ncaa.org/player/game_by_game?game_sport_year_ctl_id=14242&org_id=813&stats_player_seq=-100
Youngstown St.,https://stats.ncaa.org/team/817/stats/14242,https://stats.ncaa.org/player/game_by_game?game_sport_year_ctl_id=14242&org_id=817&stats_player_seq=-100